<i>
  <i image="move_0.png" delay="150" x="-72" y="-123"/>
  <i image="move_1.png" delay="150" x="-72" y="-123"/>
  <i image="move_2.png" delay="150" x="-72" y="-123"/>
  <i image="move_3.png" delay="150" x="-72" y="-123"/>
  <i image="move_4.png" delay="150" x="-72" y="-123"/>
  <i image="move_5.png" delay="150" x="-72" y="-123"/>
  <i image="stand_0.png" delay="120" x="-72" y="-124"/>
  <i image="stand_1.png" delay="120" x="-72" y="-124"/>
  <i image="stand_2.png" delay="120" x="-72" y="-124"/>
  <i image="stand_3.png" delay="120" x="-72" y="-124"/>
  <i image="stand_4.png" delay="120" x="-72" y="-124"/>
  <i image="stand_5.png" delay="120" x="-72" y="-124"/>
  <i image="jump_0.png" delay="100" x="-72" y="-122"/>
  <i image="attack1.info.effect_0.png" delay="90" x="-2" y="-2"/>
  <i image="attack1.info.effect_1.png" delay="90" x="-2" y="-2"/>
  <i image="attack1.info.effect_2.png" delay="90" x="-2" y="-2"/>
  <i image="attack1.info.effect_3.png" delay="90" x="-2" y="-2"/>
  <i image="attack1.info.effect_4.png" delay="90" x="-2" y="-2"/>
  <i image="attack1.info.effect_5.png" delay="90" x="-2" y="-2"/>
  <i image="attack1.info.areaWarning_0.png" delay="120" x="-46" y="-80"/>
  <i image="attack1.info.areaWarning_1.png" delay="120" x="-46" y="-80"/>
  <i image="attack1.info.areaWarning_2.png" delay="120" x="-46" y="-80"/>
  <i image="attack1.info.areaWarning_3.png" delay="120" x="-46" y="-80"/>
  <i image="attack1.info.areaWarning_4.png" delay="120" x="-46" y="-80"/>
  <i image="attack1.info.areaWarning_5.png" delay="120" x="-46" y="-80"/>
  <i image="attack1.info.areaWarning_6.png" delay="360" x="-46" y="-80"/>
  <i image="attack1.info.areaWarning_7.png" delay="120" x="-46" y="-80"/>
  <i image="attack1.info.areaWarning_8.png" delay="120" x="-46" y="-80"/>
  <i image="attack1.info.areaWarning_9.png" delay="120" x="-46" y="-80"/>
  <i image="attack1.info.areaWarning_10.png" delay="120" x="-46" y="-80"/>
  <i image="attack1.info.areaWarning_11.png" delay="120" x="-46" y="-80"/>
  <i image="attack1.info.areaWarning_12.png" delay="120" x="-46" y="-80"/>
  <i image="attack1.info.areaWarning_13.png" delay="120" x="-46" y="-80"/>
  <i image="attack1.info.areaWarning_14.png" delay="120" x="-46" y="-80"/>
  <i image="attack1.info.hit_0.png" delay="120" x="-49" y="-83"/>
  <i image="attack1.info.hit_1.png" delay="120" x="-49" y="-83"/>
  <i image="attack1.info.hit_2.png" delay="120" x="-49" y="-83"/>
  <i image="attack1.info.hit_3.png" delay="120" x="-49" y="-83"/>
  <i image="attack1_0.png" delay="120" x="-85" y="-142"/>
  <i image="attack1_1.png" delay="120" x="-85" y="-142"/>
  <i image="attack1_2.png" delay="120" x="-85" y="-142"/>
  <i image="attack1_3.png" delay="120" x="-85" y="-142"/>
  <i image="attack1_4.png" delay="120" x="-85" y="-142"/>
  <i image="attack1_5.png" delay="120" x="-85" y="-142"/>
  <i image="attack1_6.png" delay="120" x="-85" y="-142"/>
  <i image="attack1_7.png" delay="120" x="-85" y="-142"/>
  <i image="attack1_8.png" delay="120" x="-85" y="-142"/>
  <i image="attack1_9.png" delay="120" x="-85" y="-142"/>
  <i image="attack1_10.png" delay="120" x="-85" y="-142"/>
  <i image="attack1_11.png" delay="120" x="-85" y="-142"/>
  <i image="attack1_12.png" delay="120" x="-85" y="-142"/>
  <i image="attack1_13.png" delay="120" x="-85" y="-142"/>
  <i image="attack1_14.png" delay="120" x="-85" y="-142"/>
  <i image="attack1_15.png" delay="120" x="-85" y="-142"/>
  <i image="attack1_16.png" delay="120" x="-85" y="-142"/>
  <i image="attack1_17.png" delay="120" x="-85" y="-142"/>
  <i image="attack1_18.png" delay="120" x="-85" y="-142"/>
  <i image="attack1_19.png" delay="120" x="-85" y="-142"/>
  <i image="attack1_20.png" delay="120" x="-85" y="-142"/>
  <i image="attack1_21.png" delay="120" x="-85" y="-142"/>
  <i image="attack1_22.png" delay="120" x="-85" y="-142"/>
  <i image="attack1_23.png" delay="120" x="-85" y="-142"/>
  <i image="attack1_24.png" delay="120" x="-85" y="-142"/>
  <i image="attack1_25.png" delay="120" x="-85" y="-142"/>
  <i image="attack1_26.png" delay="120" x="-85" y="-142"/>
  <i image="attack1_27.png" delay="120" x="-85" y="-142"/>
  <i image="attack1_28.png" delay="120" x="-85" y="-142"/>
  <i image="attack1_29.png" delay="120" x="-85" y="-142"/>
  <i image="hit1_0.png" delay="600" x="-66" y="-121"/>
  <i image="die1_0.png" delay="150" x="-79" y="-148"/>
  <i image="die1_1.png" delay="150" x="-79" y="-148"/>
  <i image="die1_2.png" delay="150" x="-79" y="-148"/>
  <i image="die1_3.png" delay="150" x="-79" y="-148"/>
  <i image="die1_4.png" delay="150" x="-79" y="-148"/>
  <i image="die1_5.png" delay="150" x="-79" y="-148"/>
  <i image="die1_6.png" delay="150" x="-79" y="-148"/>
  <i image="die1_7.png" delay="150" x="-79" y="-148"/>
  <i image="die1_8.png" delay="150" x="-79" y="-148"/>
  <i image="die1_9.png" delay="150" x="-79" y="-148"/>
  <i image="die1_10.png" delay="150" x="-79" y="-148"/>
  <i image="die1_11.png" delay="150" x="-79" y="-148"/>
</i>