<i>
  <i image="move_0.png" delay="120" x="-44" y="-59"/>
  <i image="move_1.png" delay="120" x="-44" y="-59"/>
  <i image="move_2.png" delay="120" x="-44" y="-59"/>
  <i image="move_3.png" delay="120" x="-44" y="-59"/>
  <i image="move_4.png" delay="120" x="-44" y="-59"/>
  <i image="move_5.png" delay="120" x="-44" y="-59"/>
  <i image="stand_0.png" delay="120" x="-45" y="-56"/>
  <i image="stand_1.png" delay="120" x="-45" y="-56"/>
  <i image="stand_2.png" delay="120" x="-45" y="-56"/>
  <i image="stand_3.png" delay="120" x="-45" y="-56"/>
  <i image="stand_4.png" delay="120" x="-45" y="-56"/>
  <i image="stand_5.png" delay="120" x="-45" y="-56"/>
  <i image="stand_6.png" delay="120" x="-45" y="-56"/>
  <i image="stand_7.png" delay="120" x="-45" y="-56"/>
  <i image="stand_8.png" delay="120" x="-45" y="-56"/>
  <i image="attack1.info.hit_0.png" delay="120" x="-42" y="-70"/>
  <i image="attack1.info.hit_1.png" delay="120" x="-42" y="-70"/>
  <i image="attack1.info.hit_2.png" delay="120" x="-42" y="-70"/>
  <i image="attack1.info.hit_3.png" delay="120" x="-42" y="-70"/>
  <i image="attack1_0.png" delay="120" x="-271" y="-69"/>
  <i image="attack1_1.png" delay="120" x="-271" y="-69"/>
  <i image="attack1_2.png" delay="120" x="-271" y="-69"/>
  <i image="attack1_3.png" delay="120" x="-271" y="-69"/>
  <i image="attack1_4.png" delay="120" x="-271" y="-69"/>
  <i image="attack1_5.png" delay="120" x="-271" y="-69"/>
  <i image="attack1_6.png" delay="120" x="-271" y="-69"/>
  <i image="attack1_7.png" delay="120" x="-271" y="-69"/>
  <i image="attack1_8.png" delay="120" x="-271" y="-69"/>
  <i image="attack1_9.png" delay="120" x="-271" y="-69"/>
  <i image="attack1_10.png" delay="120" x="-271" y="-69"/>
  <i image="attack1_11.png" delay="120" x="-271" y="-69"/>
  <i image="attack1_12.png" delay="120" x="-271" y="-69"/>
  <i image="hit1_0.png" delay="500" x="-32" y="-51"/>
  <i image="hit1_1.png" delay="100" x="-32" y="-51"/>
  <i image="die1_0.png" delay="120" x="-32" y="-50"/>
  <i image="die1_1.png" delay="120" x="-32" y="-50"/>
  <i image="die1_2.png" delay="120" x="-32" y="-50"/>
  <i image="die1_3.png" delay="240" x="-32" y="-50"/>
  <i image="die1_4.png" delay="120" x="-32" y="-50"/>
  <i image="die1_5.png" delay="120" x="-32" y="-50"/>
  <i image="die1_6.png" delay="300" x="-32" y="-50"/>
</i>